,Origin,Destination,Marketing_Airline,Operating_Airline,Flight_Duration,Distance
14,SEL,LAX,KE,KE,650,5186.0
21,GRU,LAX,KE,KE,720,5382.0
23,LAX,GRU,KE,KE,700,5382.0
25,LAX,SEL,KE,KE,815,5186.0
381,CPH,SIN,SQ,SQ,720,5399.0
392,FCO,SIN,SQ,SQ,730,5442.0
449,SIN,FCO,SQ,SQ,810,5442.0
501,MNL,SFO,PR,PR,745,6071.0
505,SFO,MNL,PR,PR,920,6071.0
513,MNL,LAX,PR,PR,790,6345.0
2555,HKG,ZRH,SR,SR,780,5019.0
2556,HKG,ZRH,SR,SR,780,5019.0
2558,GRU,ZRH,SR,SR,675,5226.0
2559,GRU,ZRH,SR,SR,675,5226.0
2562,SIN,ZRH,SR,SR,800,5575.0
2563,ZRH,SIN,SR,SR,725,5575.0
2564,KIX,ZRH,SR,SR,760,5124.0
2566,ZRH,HKG,SR,SR,700,5019.0
2569,ZRH,GRU,SR,SR,705,5226.0
2571,ZRH,HKG,SR,SR,700,5019.0
2572,ZRH,GRU,SR,SR,705,5226.0
2573,ZRH,KIX,SR,SR,690,5124.0
2778,CDG,PVG,MU,MU,695,5012.0
2797,PVG,CDG,MU,MU,770,5012.0
2801,SFO,MUC,LH,LH,660,5111.0
2812,GIG,FRA,LH,LH,685,5205.0
2818,EZE,LAX,AR,AR,755,5362.0
2830,LAX,EZE,AR,AR,710,5362.0
2835,FRA,SIN,LH,LH,735,5566.0
2846,FRA,GIG,LH,LH,725,5205.0
2847,SIN,FRA,LH,LH,830,5566.0
2855,FRA,LIM,LH,LH,820,5823.0
2858,LIM,FRA,LH,LH,755,5823.0
2867,MUC,SFO,LH,LH,745,5111.0
4118,SIN,LHR,QF,QF,840,5894.0
4125,KUL,VIE,NG,NG,745,5103.0
4126,VIE,KUL,NG,NG,650,5103.0
6478,BAU,CGH,KK,KK,40,5285.0
6482,BAU,CGH,KK,KK,40,5285.0
6484,CGH,BAU,KK,KK,40,5285.0
6486,CGH,BAU,KK,KK,40,5285.0
6511,CGH,BAU,KK,KK,42,5285.0
6532,ARU,BAU,KK,KK,37,5318.0
6546,ARU,BAU,KK,KK,25,5318.0
6547,BAU,ARU,KK,KK,25,5318.0
6548,BAU,CGH,KK,KK,46,5285.0
6550,BAU,ARU,KK,KK,40,5318.0
7128,HKG,MXP,AZ,RD,795,5065.0
7157,MXP,HKG,AZ,RD,700,5065.0
7171,GRU,MXP,AZ,RD,695,5156.0
8268,NGO,LHR,JL,JL,765,5169.0
8270,LHR,NGO,JL,JL,715,5169.0
8271,KIX,ORD,JL,JL,700,5646.0
8272,KIX,ORD,JL,JL,700,5646.0
8275,ORD,KIX,JL,JL,820,5646.0
8279,ORD,KIX,JL,JL,820,5646.0
8331,CDG,MRU,MK,MK,700,5134.0
8333,LHR,MRU,MK,MK,715,5319.0
8334,MRU,LHR,MK,MK,735,5319.0
9447,MXP,GRU,RG,RG,738,5156.0
9454,GRU,MUC,RG,RG,720,5353.0
9470,GRU,MXP,RG,RG,695,5156.0
10791,KUL,VIE,MH,MH,770,5103.0
10793,KUL,VIE,MH,MH,770,5103.0
10795,VIE,KUL,MH,MH,685,5103.0
10796,VIE,KUL,MH,MH,690,5103.0
11454,NRT,AMS,KL,KL,720,5038.0
11465,AMS,KUL,KL,KL,710,5540.0
11478,AMS,NRT,KL,KL,670,5038.0
11493,KUL,AMS,KL,KL,785,5540.0
11592,ORY,RUN,SS,SS,685,5090.0
11753,YYZ,NRT,AC,AC,860,5570.0
12013,CAI,KIX,MS,MS,710,5026.0
12014,KIX,CAI,MS,MS,835,5026.0
12020,CDG,MRU,AF,MK,700,5134.0
12181,EZE,MAD,JK,JK,715,5480.0
12182,MAD,EZE,JK,JK,785,5480.0
12383,CPT,LHR,VS,VS,735,5272.0
12384,LHR,CPT,VS,VS,720,5272.0
13718,PVG,CDG,MU,MU,770,5012.0
13722,EZE,AKL,AR,AR,821,5572.0
13749,AKL,EZE,AR,AR,710,5572.0
15651,MXP,GRU,AZ,RD,745,5156.0
15654,SEL,SHO,KE,KE,50,6619.0
15964,FRA,LAX,NZ,NZ,735,5046.0
15973,FRA,LAX,NZ,NZ,735,5046.0
15975,LAX,FRA,NZ,NZ,675,5046.0
15979,LAX,FRA,NZ,NZ,680,5046.0
15988,AKL,LAX,NZ,NZ,720,5690.0
15991,AKL,LAX,NZ,NZ,720,5690.0
15992,AKL,LAX,NZ,NZ,720,5690.0
15993,AKL,LAX,NZ,NZ,720,5690.0
15996,AKL,LAX,NZ,NZ,720,5690.0
15997,AKL,LAX,NZ,NZ,720,5690.0
16000,AKL,LAX,NZ,NZ,720,5690.0
16003,AKL,LAX,NZ,NZ,720,5690.0
16006,NRT,CHC,NZ,NZ,660,5113.0
16007,NRT,CHC,NZ,NZ,660,5113.0
16009,NRT,CHC,NZ,NZ,660,5113.0
16010,AKL,LAX,NZ,NZ,720,5690.0
16011,AKL,LAX,NZ,NZ,720,5690.0
16012,AKL,LAX,NZ,NZ,720,5690.0
16014,AKL,LAX,NZ,NZ,720,5690.0
16019,LAX,AKL,NZ,NZ,765,5690.0
16023,LAX,AKL,NZ,NZ,765,5690.0
16024,LAX,AKL,NZ,NZ,765,5690.0
16029,LAX,AKL,NZ,NZ,765,5690.0
16645,RUN,ORY,SS,SS,675,5090.0
16688,SFO,MXP,AZ,RD,690,5167.0
16706,LAX,SVO,SU,SU,760,5283.0
16712,JFK,RUH,SV,SV,700,5673.0
16718,JFK,JED,SV,SV,675,5535.0
16730,SVO,LAX,SU,SU,775,5283.0
16746,FCO,GRU,AZ,RD,740,5121.0
16764,RUH,JFK,SV,SV,815,5673.0
16784,EZE,MXP,AZ,RD,780,6091.0
16787,MXP,EZE,AZ,RD,840,6091.0
16796,MXP,SFO,AZ,RD,745,5167.0
16797,JED,JFK,SV,SV,790,5535.0
16806,MXP,GRU,AZ,RD,745,5156.0
16854,NGO,DTW,NW,NW,690,5688.0
17207,TLV,YYZ,LY,LY,770,5031.0
17213,YYZ,TLV,LY,LY,655,5031.0
17216,CDG,NRT,AF,AF,700,5248.0
17217,CDG,NRT,AF,AF,700,5248.0
17224,ORD,TLV,LY,LY,705,5368.0
17241,TLV,ORD,LY,LY,815,5368.0
17556,NRT,LHR,JL,JL,765,5189.0
17564,CDG,NRT,JL,JL,710,5248.0
17574,CDG,NRT,JL,JL,710,5248.0
17581,GRU,AMS,KL,KL,680,5314.0
17595,SFO,PVG,CA,CA,815,5346.0
17602,GRU,LAX,JL,JL,725,5382.0
17616,LHR,NRT,JL,JL,705,5189.0
17618,LHR,CPT,SA,SA,690,5272.0
17620,LHR,CPT,SA,SA,690,5272.0
17625,PEK,LAX,CA,CA,720,5423.0
17629,EZE,MAD,AR,AR,700,5480.0
17632,MAD,EZE,AR,AR,745,5480.0
17637,LAX,PEK,CA,CA,760,5423.0
17642,MAD,EZE,AR,AR,745,5480.0
17657,LAX,GRU,JL,JL,700,5382.0
17660,AMS,GRU,KL,KL,715,5314.0
17675,CPT,LHR,SA,SA,705,5272.0
17689,PVG,SFO,CA,CA,605,5346.0
17722,EZE,MAD,AR,AR,700,5480.0
17729,NRT,LHR,JL,JL,765,5189.0
17736,EZE,FRA,LH,LH,800,6252.0
17741,NRT,CDG,JL,JL,750,5248.0
17783,FRA,SIN,GA,GA,730,5566.0
17785,AMS,SIN,GA,GA,725,5690.0
17786,SIN,AMS,GA,GA,810,5690.0
17789,SIN,FRA,GA,GA,790,5566.0
17972,LGW,MRU,BA,BA,690,5306.0
17988,LGW,MRU,BA,BA,690,5306.0
17992,MRU,LGW,BA,BA,720,5306.0
17998,MRU,LGW,BA,BA,720,5306.0
18157,ZRH,SIN,SQ,SQ,715,5575.0
18158,ZRH,SIN,SQ,SQ,715,5575.0
18160,CDG,SIN,SQ,SQ,750,5802.0
18162,CDG,SIN,SQ,SQ,750,5802.0
18168,CDG,SIN,SQ,SQ,750,5802.0
18360,GRU,MXP,RG,RG,695,5156.0
18361,MXP,GRU,RG,RG,738,5156.0
18485,CDG,NRT,NH,NH,695,5248.0
18488,NRT,CDG,NH,NH,750,5248.0
19000,HKG,LHR,CX,CX,780,5217.0
19001,HKG,LHR,CX,CX,805,5217.0
23138,FRA,SIN,QF,QF,715,5566.0
23143,AKL,EZE,QF,QF,675,5572.0
23149,EZE,AKL,QF,QF,775,5572.0
23150,AKL,LAX,QF,QF,710,5690.0
23161,AKL,EZE,QF,QF,2115,5572.0
23162,EZE,AKL,QF,QF,775,5572.0
23169,LAX,AKL,QF,QF,760,5690.0
23174,SIN,LHR,QF,QF,855,5894.0
23176,SYD,LAX,QF,QF,810,6536.0
23181,SYD,LAX,QF,QF,840,6536.0
23196,KUL,VIE,NG,NG,740,5103.0
23197,VIE,KUL,NG,NG,645,5103.0
24046,SEL,SHO,KE,KE,50,6619.0
24056,ORY,RUN,IJ,IJ,665,5090.0
24059,ORY,RUN,IJ,IW,665,5090.0
24062,RUN,ORY,IJ,IJ,695,5090.0
24064,RUN,ORY,IJ,IW,690,5090.0
25742,LHR,KIX,JL,JL,725,5162.0
25743,MXP,NRT,JL,JL,705,5269.0
25744,NRT,MXP,JL,JL,750,5269.0
25866,FRA,MRU,MK,MK,680,5003.0
25872,LHR,MRU,MK,MK,715,5319.0
25873,MRU,MAN,MK,MK,770,5443.0
25875,SEL,AKL,KE,KE,680,5246.0
25878,BRU,MRU,MK,MK,705,5152.0
25885,MRU,LHR,MK,MK,735,5319.0
25892,MRU,FRA,MK,MK,725,5003.0
25893,SEL,AKL,KE,KE,670,5246.0
29346,FRA,GRU,RG,RG,719,5323.0
29348,GRU,FRA,RG,RG,694,5323.0
30966,RUN,ORY,IW,IW,690,5090.0
30982,AMS,SIN,KL,KL,725,5690.0
30987,AMS,NRT,KL,KL,790,5038.0
30997,SIN,AMS,KL,KL,805,5690.0
31007,CDG,EZE,AF,AF,815,6039.0
31012,RUN,ORY,SS,SS,675,5090.0
31021,EZE,CDG,AF,AF,780,6039.0
31030,NRT,AMS,KL,KL,835,5038.0
31038,ORY,RUN,SS,SS,660,5090.0
31044,ORY,RUN,IW,IW,665,5090.0
31179,MRU,FRA,DE,MK,705,5003.0
31180,MRU,FRA,DE,DE,715,5003.0
31194,FRA,HKT,DE,DE,665,5032.0
31198,FRA,MRU,DE,DE,685,5003.0
31202,FRA,MRU,DE,MK,675,5003.0
31362,ORY,RUN,SS,SS,685,5090.0
31366,ORY,RUN,SS,SS,685,5090.0
31367,ORY,RUN,SS,SS,685,5090.0
31369,RUN,ORY,SS,SS,700,5090.0
31370,RUN,ORY,SS,SS,700,5090.0
31710,NRT,YYZ,AC,AC,735,5570.0
33312,EZE,MAD,JK,JK,715,5480.0
33313,MAD,EZE,JK,JK,785,5480.0
33688,EZE,MXP,AZ,RD,780,6091.0
33694,MXP,EZE,AZ,RD,840,6091.0
34539,MNL,LAX,PR,PR,790,6345.0
34706,CPH,SIN,SQ,SQ,780,5399.0
35403,KIX,CHC,NZ,NZ,695,5139.0
35405,KIX,CHC,NZ,NZ,695,5139.0
35406,KIX,CHC,NZ,NZ,695,5139.0
35407,KIX,CHC,NZ,NZ,695,5139.0
36262,GIG,ZRH,SR,SR,660,5105.0
36265,GIG,ZRH,SR,SR,660,5105.0
36268,ZRH,GIG,SR,SR,690,5105.0
36271,NRT,ZRH,SR,SR,765,5183.0
36274,ZRH,NRT,SR,SR,710,5183.0
36279,ZRH,GIG,SR,SR,690,5105.0
37598,HAV,SVO,SU,SU,680,5189.0
37600,SVO,HAV,SU,SU,860,5189.0
38081,NRT,PPT,TN,TN,670,5118.0
38122,PPT,NRT,TN,TN,755,5118.0
38175,KIX,PPT,TN,TN,690,5310.0
38208,PPT,KIX,TN,TN,770,5310.0
40552,GRU,MXP,AZ,RD,695,5156.0
40569,GRU,FCO,AZ,RD,685,5121.0
42200,FCO,EZE,AZ,RD,840,6059.0
42364,SVO,LAX,SU,SU,775,5283.0
42417,GRU,FCO,AZ,RD,685,5121.0
43017,MXP,LAX,AZ,RD,765,5246.0
43304,LAX,MXP,AZ,RD,685,5246.0
43529,LAX,SVO,SU,SU,755,5283.0
44395,EZE,FCO,AZ,RD,770,6059.0
44752,ORD,TLV,LY,LY,700,5368.0
44753,TLV,ORD,LY,LY,820,5368.0
74664,SIC,ESB,TK,TK,55,6083.0
82911,HKN,KDR,ND,ND,40,7192.0
82935,KDR,HKN,ND,ND,40,7192.0
85572,KDR,HKN,ND,ND,35,7192.0
85648,HKN,KDR,ND,ND,35,7192.0
88311,HKN,KDR,ND,ND,35,7192.0
88389,KDR,HKN,ND,ND,35,7192.0
88394,KDR,HKN,ND,ND,40,7192.0
91519,KDR,HKN,ND,ND,40,7192.0
92129,KDR,HKN,ND,ND,40,7192.0
93136,KDR,HKN,ND,ND,40,7192.0
93181,HKN,KDR,ND,ND,35,7192.0
93183,HKN,KDR,ND,ND,35,7192.0
93186,HKN,KDR,ND,ND,40,7192.0
94678,CDG,PVG,AF,MU,725,5012.0
94711,GMP,LAX,AA,OZ,650,5190.0
94717,PVG,SFO,NW,CA,605,5346.0
94794,PVG,CDG,AF,MU,770,5012.0
95133,LAX,GRU,NH,RG,700,5382.0
95141,LAX,SYD,AN,UA,865,6536.0
95227,LAX,FRA,SK,LH,635,5046.0
95299,LAX,AKL,UA,NZ,765,5690.0
95314,LAX,PEK,NW,CA,760,5423.0
95359,LAX,AKL,UA,NZ,765,5690.0
95461,LAX,MXP,NW,RD,685,5246.0
95569,BKK,LHR,BA,QF,770,5188.0
95592,LAX,AKL,BA,QF,760,5690.0
95706,LAX,FRA,SK,LH,635,5046.0
95714,LAX,AKL,LH,NZ,765,5690.0
95758,LAX,MEL,NZ,UA,910,6912.0
95932,LAX,MEL,AN,UA,910,6912.0
95957,MRU,CDG,MK,AF,700,5134.0
96416,MEX,FRA,SK,LH,640,5176.0
96539,LAX,CAN,DL,CZ,880,6274.0
96544,LAX,FRA,NZ,LH,670,5046.0
96597,LAX,SYD,AN,NZ,880,6536.0
96628,LAX,TPE,AA,BR,870,5901.0
96753,LAX,GRU,NH,RG,700,5382.0
96797,LAX,MEL,AA,QF,910,6912.0
96805,LAX,TPE,AA,BR,870,5901.0
96853,LAX,AKL,MX,NZ,765,5690.0
96888,LAX,AKL,UA,NZ,765,5690.0
96954,LAX,AKL,AC,UA,755,5690.0
97031,LAX,GRU,UA,RG,700,5382.0
97096,AKL,LAX,LH,NZ,720,5690.0
97124,SIN,FRA,LH,SQ,800,5566.0
97143,KIX,CHC,JL,NZ,695,5139.0
97153,SIN,LHR,AN,SQ,850,5894.0
97342,LAX,GMP,AA,OZ,810,5190.0
97354,LAX,AKL,AN,NZ,765,5690.0
97399,LAX,AKL,NZ,UA,755,5690.0
97418,NRT,FCO,AZ,JL,755,5359.0
97420,NRT,JFK,CO,NW,740,5852.0
97422,NRT,YYZ,NH,AC,735,5570.0
97436,EZE,AKL,QF,AR,821,5572.0
97442,AKL,LAX,AC,NZ,720,5690.0
97456,NRT,MXP,JL,AZ,760,5269.0
97488,NRT,ORD,NH,UA,675,5441.0
97495,NRT,IAH,NW,CO,700,5765.0
97508,AKL,LAX,NZ,UA,710,5690.0
97544,AKL,LAX,AC,NZ,720,5690.0
97566,NRT,ORD,NH,UA,685,5441.0
97574,NRT,FRA,NH,LH,715,5066.0
97578,NRT,CHC,JL,NZ,660,5113.0
97581,NRT,FRA,LH,NH,725,5066.0
97651,NRT,JFK,AA,JL,735,5852.0
97652,NRT,JFK,UA,NH,735,5852.0
97669,NRT,DFW,JL,AA,675,5574.0
97689,AKL,LAX,AA,QF,710,5690.0
97701,AKL,LAX,AN,NZ,720,5690.0
97706,NRT,AMS,IB,JL,720,5038.0
97804,AKL,LAX,LH,NZ,720,5690.0
97827,NRT,YYZ,NH,AC,735,5570.0
97873,NRT,JFK,NH,UA,745,5852.0
97878,AKL,EZE,AR,QF,675,5572.0
97881,AKL,LAX,AC,NZ,720,5690.0
97969,EZE,FRA,SK,LH,800,6252.0
97974,NRT,ZRH,SR,JL,760,5183.0
97992,NRT,IAD,UA,NH,735,5864.0
97995,AKL,LAX,AN,NZ,720,5690.0
98019,NRT,DTW,KL,NW,690,5550.0
98043,EZE,AKL,AR,QF,775,5572.0
98091,NRT,CHC,JL,NZ,660,5113.0
98145,AKL,LAX,AC,UA,710,5690.0
98204,EZE,FRA,OS,LH,800,6252.0
98207,AKL,LAX,MX,NZ,720,5690.0
98243,NRT,EWR,NW,CO,760,5838.0
98268,AKL,LAX,MX,NZ,720,5690.0
98296,NRT,MXP,AZ,JL,750,5269.0
98306,AKL,LAX,AC,NZ,720,5690.0
98332,AKL,LAX,UA,NZ,720,5690.0
98350,NRT,DFW,AA,JL,685,5574.0
98416,NRT,ORD,UA,NH,690,5441.0
98421,AKL,LAX,UA,NZ,720,5690.0
98460,NRT,ORD,AA,JL,675,5441.0
98463,NRT,ZRH,JL,SR,765,5183.0
98503,AKL,LAX,AA,QF,710,5690.0
98537,AKL,LAX,MX,NZ,720,5690.0
98543,NRT,JFK,AA,JL,735,5852.0
98545,AKL,EZE,QF,AR,710,5572.0
98600,AKL,LAX,BA,QF,710,5690.0
98606,AKL,LAX,UA,NZ,720,5690.0
98695,AKL,LAX,UA,NZ,720,5690.0
98722,AKL,LAX,MX,NZ,720,5690.0
98733,AKL,LAX,BA,QF,710,5690.0
98783,NRT,DFW,AA,JL,685,5574.0
98785,ORY,RUN,IJ,IW,665,5090.0
98814,NRT,ORD,TG,UA,685,5441.0
98833,EZE,FRA,OS,LH,800,6252.0
98841,AKL,LAX,AN,NZ,720,5690.0
98846,EZE,FRA,SK,LH,800,6252.0
98874,AKL,LAX,AN,NZ,720,5690.0
98907,NRT,MXP,JL,AZ,760,5269.0
98927,ORY,RUN,IJ,IW,665,5090.0
98949,AKL,LAX,LH,NZ,720,5690.0
99067,MXP,SFO,NW,RD,745,5167.0
99103,MXP,KIX,JL,AZ,700,5204.0
99324,CPT,FLL,DL,SA,885,6695.0
99857,MXP,NRT,AZ,JL,705,5269.0
100017,MXP,LAX,NW,RD,765,5246.0
100097,MXP,NRT,JL,AZ,715,5269.0
100368,AMS,SIN,NZ,SQ,730,5690.0
100464,LAX,MXP,NW,RD,685,5246.0
100480,GMP,LAX,AA,OZ,640,5190.0
100554,LAX,SYD,NZ,UA,865,6536.0
100645,LAX,FRA,NZ,LH,635,5046.0
100802,LAX,NOU,SB,IW,760,5475.0
100857,BKK,LHR,QF,BA,775,5188.0
100861,LAX,AKL,AN,NZ,765,5690.0
101014,LAX,AKL,AN,NZ,765,5690.0
101121,LAX,FRA,LH,NZ,675,5046.0
101138,LAX,AKL,MX,NZ,765,5690.0
101170,LAX,FRA,SK,LH,670,5046.0
101422,BKK,LHR,QF,BA,775,5188.0
101424,MRU,CDG,AF,MK,720,5134.0
101429,LAX,FRA,LH,NZ,680,5046.0
101572,LAX,SYD,AA,QF,875,6536.0
101769,LAX,GRU,UA,RG,647,5382.0
101804,MAD,SCL,IB,LA,825,5817.0
102004,LAX,GRU,UA,RG,700,5382.0
102095,LAX,GMP,AA,OZ,800,5190.0
102305,LAX,ZRH,AA,SR,665,5160.0
102343,MEX,FRA,MX,LH,640,5176.0
102486,BKK,LHR,BA,QF,770,5188.0
102512,LAX,AKL,LH,NZ,765,5690.0
102537,LAX,TPE,CO,BR,870,5901.0
102613,LAX,FRA,UA,LH,670,5046.0
102796,AMS,KUL,KL,MH,705,5540.0
102805,AMS,KUL,NW,KL,710,5540.0
102897,LAX,AKL,AN,NZ,765,5690.0
102911,LAX,TPE,CO,BR,870,5901.0
102912,LAX,AKL,MX,NZ,765,5690.0
102936,AMS,SIN,AN,SQ,730,5690.0
102940,AMS,NRT,IB,JL,675,5038.0
103053,LAX,SYD,AA,QF,875,6536.0
103246,LAX,PEK,NW,CA,760,5423.0
103281,LAX,SYD,AA,QF,875,6536.0
103294,LAX,SYD,UA,NZ,880,6536.0
103387,LAX,FRA,UA,LH,635,5046.0
103393,BKK,LHR,BA,QF,770,5188.0
103487,LAX,AKL,AA,QF,760,5690.0
103672,AMS,KUL,NW,KL,710,5540.0
103695,LAX,AKL,AC,NZ,765,5690.0
103730,LAX,PEK,AA,MU,760,5423.0
103763,MRU,CDG,AF,MK,720,5134.0
103800,GMP,JFK,AA,OZ,830,5991.0
104032,CPH,SIN,AC,SQ,720,5399.0
104127,CPH,SIN,AN,SQ,720,5399.0
104407,MXP,SFO,NW,RD,745,5167.0
104565,IAD,NRT,UA,NH,820,5864.0
105003,JED,JFK,UA,SV,790,5535.0
105086,MXP,LAX,NW,RD,765,5246.0
105143,MXP,NRT,JL,AZ,715,5269.0
105303,SIN,FRA,NZ,LH,830,5566.0
105307,SIN,LHR,BA,QF,830,5894.0
105416,SIN,FRA,LH,SQ,800,5566.0
105510,SIN,LHR,SQ,NZ,850,5894.0
105518,KIX,DTW,CO,NW,730,5746.0
105525,SIN,ZRH,NZ,SQ,795,5575.0
105623,ZRH,SIN,SQ,NZ,715,5575.0
105642,SIN,LHR,BA,QF,840,5894.0
105688,KIX,CHC,JL,NZ,695,5139.0
105705,ZRH,NRT,JL,SR,710,5183.0
105718,ZRH,SFO,AA,SR,720,5076.0
105735,ZRH,NRT,SR,JL,710,5183.0
105764,SIN,CPH,AC,SQ,835,5399.0
105795,SIN,LHR,BA,QF,840,5894.0
105809,SIN,LHR,BA,QF,855,5894.0
105817,ZRH,KUL,SR,MH,715,5421.0
105918,KIX,MXP,JL,AZ,770,5204.0
105971,KIX,FRA,NH,LH,720,5014.0
105977,SIN,LHR,AN,SQ,850,5894.0
106105,ZRH,SIN,AN,SQ,715,5575.0
106284,KIX,ORD,AA,JL,700,5646.0
106377,DFW,NRT,JL,AA,810,5574.0
106454,SIN,AMS,NZ,SQ,820,5690.0
106480,DFW,NRT,AA,JL,820,5574.0
106543,DFW,NRT,AA,JL,820,5574.0
106544,ZRH,SIN,SQ,NZ,715,5575.0
106555,ZRH,SIN,NZ,SQ,715,5575.0
106585,SIN,CPH,AN,SQ,835,5399.0
106605,KIX,CHC,JL,NZ,695,5139.0
106713,SIN,LHR,NZ,SQ,850,5894.0
106730,ZRH,GRU,SN,SR,705,5226.0
106737,KIX,DFW,JL,AA,700,5807.0
106760,ZRH,SIN,QF,SR,725,5575.0
106769,ZRH,NRT,JL,SR,710,5183.0
106795,ZRH,LAX,AA,SR,730,5160.0
106937,ZRH,SIN,AN,SQ,715,5575.0
106971,SIN,FRA,SQ,LH,791,5566.0
107043,ZRH,GRU,SN,SR,645,5226.0
107112,SIN,LHR,AC,SQ,850,5894.0
107117,ZRH,SIN,AN,SQ,715,5575.0
107156,SIN,FRA,SQ,LH,830,5566.0
107309,SIN,ZRH,AN,SQ,795,5575.0
107345,SIN,LHR,QF,BA,860,5894.0
107383,ZRH,GRU,SN,SR,705,5226.0
107566,SIN,LHR,BA,QF,840,5894.0
107642,KIX,DTW,KL,NW,730,5746.0
107777,SIN,LHR,QF,BA,860,5894.0
107904,SIN,ZRH,QF,SR,800,5575.0
107997,ZRH,HKG,SR,CX,700,5019.0
108137,SIN,FRA,NZ,LH,791,5566.0
108199,ZRH,GIG,SN,SR,690,5105.0
108259,KIX,CDG,AF,JL,755,5207.0
108382,SIN,ZRH,SQ,NZ,795,5575.0
108426,KIX,CDG,JL,AF,775,5207.0
108563,ZRH,SIN,NZ,SQ,715,5575.0
108583,ZRH,SIN,AN,SQ,715,5575.0
108706,DFW,KIX,JL,AA,845,5807.0
108815,SIN,FRA,AN,SQ,800,5566.0
108872,SIN,AMS,AN,SQ,820,5690.0
108918,KIX,ORD,AA,JL,700,5646.0
108984,ATL,CPT,DL,SA,885,7102.0
108987,PVG,CDG,AF,MU,770,5012.0
109114,JNB,SYD,SA,QF,705,5964.0
109702,ATL,CPT,DL,SA,885,7102.0
110034,PVG,DTW,CA,NW,800,6203.0
110633,PVG,LAX,AA,MU,675,5634.0
111012,ATL,JNB,DL,SA,925,7365.0
111089,PVG,SFO,NW,CA,605,5346.0
111168,MUC,GRU,LH,RG,750,5353.0
111254,MUC,SFO,UA,LH,745,5111.0
111297,PVG,DTW,KL,NW,800,6203.0
111315,JNB,HKG,SA,CX,775,5787.0
111712,RUN,ORY,IJ,IW,700,5090.0
111726,CDG,MRU,MK,AF,680,5134.0
111729,CDG,GRU,AF,JJ,695,5115.0
112039,CAN,LAX,DL,CZ,770,6274.0
112145,ORD,KIX,AA,JL,820,5646.0
112193,KUL,AMS,NW,KL,785,5540.0
112247,ORD,NRT,UA,NH,785,5441.0
112255,TPE,LAX,CO,BR,680,5901.0
112335,TPE,LAX,AA,BR,680,5901.0
112803,TPE,SFO,AA,BR,650,5617.0
112818,TPE,SEA,AA,BR,620,5275.0
112964,TPE,SFO,TG,UA,650,5617.0
113225,KUL,AMS,NW,KL,785,5540.0
113257,KUL,AMS,KL,MH,840,5540.0
113442,ORD,KIX,AA,JL,820,5646.0
113605,TPE,YVR,AC,BR,615,5186.0
113623,TPE,SFO,CO,BR,650,5617.0
113682,TPE,SFO,AA,BR,650,5617.0
114125,ORD,NRT,NH,UA,790,5441.0
114284,TPE,LAX,AA,BR,680,5901.0
114322,SCL,MAD,IB,LA,780,5817.0
114440,KUL,VIE,OS,NG,740,5103.0
114445,ORD,NRT,NH,UA,790,5441.0
114521,ORD,NRT,TG,UA,790,5441.0
114594,TPE,SEA,CO,BR,615,5275.0
114665,TPE,SFO,CO,BR,650,5617.0
114945,ORD,NRT,AA,JL,785,5441.0
115079,KUL,ZRH,SR,MH,810,5421.0
115123,ORD,NRT,JL,AA,785,5441.0
115141,TPE,LAX,CO,BR,680,5901.0
115269,KUL,VIE,OS,NG,740,5103.0
115484,LHR,SIN,QF,BA,765,5894.0
115589,YYZ,NRT,NH,AC,860,5570.0
115639,GRU,FRA,RG,LH,705,5323.0
115680,GRU,ZRH,SN,SR,675,5226.0
115730,YYZ,NRT,NH,AC,860,5570.0
115880,LHR,BKK,BA,QF,675,5188.0
115911,IST,MIA,AA,TK,800,5188.0
115963,NGO,DTW,CO,NW,700,5688.0
116078,LHR,SIN,QF,BA,765,5894.0
116081,LHR,GRU,SK,RG,700,5140.0
116111,GRU,LAX,UA,RG,730,5382.0
116122,GRU,LAX,NH,RG,720,5382.0
116166,LHR,SIN,AN,SQ,760,5894.0
116375,LHR,SIN,NZ,SQ,760,5894.0
116436,LHR,BKK,QF,BA,680,5188.0
117144,JFK,NRT,UA,NH,830,5852.0
117410,SEA,TPE,CO,BR,775,5275.0
117450,SEA,TPE,AA,BR,775,5275.0
117469,JFK,JNB,DL,SA,865,6961.0
117933,JFK,NRT,CO,NW,845,5852.0
117978,JFK,NRT,AA,JL,840,5852.0
118005,FCO,NRT,AZ,JL,720,5359.0
118063,SEA,TPE,CO,BR,775,5275.0
118098,JFK,NRT,AA,JL,840,5852.0
118541,JFK,NRT,NH,UA,835,5852.0
119082,JFK,JED,UA,SV,675,5535.0
119240,NOU,LAX,SB,IW,700,5475.0
119288,SYD,LAX,AA,QF,810,6536.0
119332,FRA,LAX,UA,LH,700,5046.0
119420,FRA,LAX,NZ,LH,700,5046.0
119469,FRA,NRT,LH,NH,670,5066.0
119604,SFO,PEK,NW,CA,740,5133.0
120085,MEL,LAX,NZ,UA,850,6912.0
120177,DTW,NRT,KL,NW,805,5550.0
120329,FRA,SIN,NZ,LH,735,5566.0
120447,SYD,SFO,AN,UA,805,6477.0
120576,FRA,GRU,RG,LH,680,5323.0
120723,SFO,PEK,NW,CA,740,5133.0
120921,SYD,LAX,AN,UA,805,6536.0
121117,SFO,SYD,NZ,UA,865,6477.0
121203,SFO,MUC,UA,LH,660,5111.0
121219,SYD,SFO,NZ,UA,805,6477.0
121257,MSP,NRT,KL,NW,760,5159.0
121266,SFO,MXP,NW,RD,690,5167.0
121603,SFO,TPE,AA,BR,835,5617.0
121625,FRA,SIN,LH,SQ,710,5566.0
121727,FRA,LAX,UA,LH,735,5046.0
121758,FRA,NRT,NH,LH,670,5066.0
121807,SFO,ZRH,AA,SR,660,5076.0
121838,PEK,LAX,NW,CA,720,5423.0
121917,YVR,TPE,AC,BR,765,5186.0
122076,FRA,LAX,SK,LH,700,5046.0
122471,CDG,MRU,AF,MK,700,5134.0
122593,HKG,JNB,SA,CX,770,5787.0
122774,RUN,ORY,IJ,IW,700,5090.0
123617,CDG,MRU,AF,MK,700,5134.0
124376,HKG,ZRH,SR,CX,810,5019.0
124550,CDG,KIX,JL,AF,720,5207.0
124731,CDG,KIX,AF,JL,730,5207.0
125306,SFO,TPE,CO,BR,835,5617.0
125348,DTW,NGO,KL,NW,810,5688.0
125371,DTW,KIX,KL,NW,845,5746.0
125372,DTW,KIX,CO,NW,845,5746.0
125404,FRA,KIX,NH,LH,650,5014.0
125425,EWR,NRT,NW,CO,860,5838.0
125572,VIE,KUL,OS,NG,650,5103.0
125592,SYD,LAX,AA,QF,810,6536.0
126011,SYD,LAX,AN,NZ,825,6536.0
126097,FRA,GRU,LH,RG,718,5323.0
126160,SFO,PVG,NW,CA,815,5346.0
126308,SYD,JNB,SA,QF,840,5964.0
126550,FRA,EZE,OS,LH,825,6252.0
126885,FRA,MEX,SK,LH,740,5176.0
126918,FRA,SIN,AN,SQ,710,5566.0
126931,SFO,TPE,TG,UA,835,5617.0
127225,DTW,PVG,KL,NW,900,6203.0
127371,DTW,PEK,KL,NW,835,5756.0
127523,FRA,LAX,LH,NZ,735,5046.0
127526,DTW,NGO,CO,NW,810,5688.0
127636,FRA,GIG,RG,LH,725,5205.0
127746,FRA,EZE,SK,LH,825,6252.0
128240,FRA,LAX,NZ,LH,735,5046.0
128251,SYD,LAX,NZ,UA,805,6536.0
128341,MIA,IST,AA,TK,660,5188.0
128423,FRA,SIN,NZ,LH,700,5566.0
128434,FRA,GRU,LH,RG,719,5323.0
128455,FRA,LAX,SK,LH,700,5046.0
128496,SYD,LAX,UA,NZ,825,6536.0
128503,MEL,LAX,AN,UA,850,6912.0
128552,SFO,SYD,AN,UA,865,6477.0
128595,SFO,TPE,AA,BR,835,5617.0
128663,DTW,PEK,CA,NW,835,5756.0
128797,FRA,LAX,LH,NZ,735,5046.0
128903,SYD,LAX,AA,QF,810,6536.0
128927,FRA,SIN,SQ,LH,735,5566.0
129052,VIE,KUL,OS,NG,650,5103.0
129837,SFO,TPE,CO,BR,835,5617.0
129928,MEL,LAX,AA,QF,855,6912.0
130032,DTW,PVG,CA,NW,900,6203.0
130110,PEK,DTW,CA,NW,780,5756.0
130111,SFO,MXP,NW,RD,690,5167.0
130158,PEK,DTW,KL,NW,780,5756.0
130383,PEK,LAX,NW,CA,720,5423.0
130386,FRA,SIN,SQ,LH,700,5566.0
130410,FRA,MEX,MX,LH,740,5176.0
130581,FRA,SIN,LH,SQ,710,5566.0
130920,GRU,LAX,NH,RG,730,5382.0
131163,GRU,FRA,LH,RG,694,5323.0
131203,GRU,LAX,UA,RG,724,5382.0
131265,GRU,MUC,LH,RG,720,5353.0
131317,LHR,BKK,QF,BA,680,5188.0
131337,LHR,SIN,BA,QF,760,5894.0
131482,NGO,DTW,KL,NW,700,5688.0
131714,GRU,ZRH,SN,SR,675,5226.0
131820,LHR,SIN,QF,BA,770,5894.0
131941,LHR,SIN,AN,SQ,760,5894.0
132146,NGO,DTW,CO,NW,700,5688.0
132251,GRU,ZRH,SN,SR,675,5226.0
132297,GRU,LHR,SK,RG,680,5140.0
132345,LHR,SIN,AC,SQ,760,5894.0
132392,IAH,NRT,NW,CO,840,5765.0
132630,LHR,SIN,SQ,NZ,760,5894.0
132893,GIG,FRA,RG,LH,685,5205.0
133026,GRU,CDG,AF,JJ,690,5115.0
133221,LHR,SIN,BA,QF,755,5894.0
133255,GIG,ZRH,SN,SR,660,5105.0
133324,LHR,BKK,QF,BA,680,5188.0
133488,GRU,LAX,UA,RG,720,5382.0
133617,GRU,FRA,LH,RG,634,5323.0
133773,NGO,DTW,KL,NW,700,5688.0
133818,LAX,AKL,NZ,NZ,765,5690.0
133819,LAX,AKL,NZ,NZ,765,5690.0
133820,LHR,SIN,SQ,NZ,760,5894.0
133821,LAX,SYD,NZ,NZ,880,6536.0
133822,LAX,AKL,NZ,NZ,765,5690.0
133823,LAX,AKL,NZ,NZ,765,5690.0
133824,LAX,AKL,NZ,NZ,765,5690.0
133825,SYD,LAX,NZ,NZ,825,6536.0
133833,EZE,MAD,IB,IB,695,5480.0
133834,MAD,EZE,IB,IB,735,5480.0
133838,SFO,TPE,CI,CI,840,5617.0
133840,TPE,SFO,CI,CI,630,5617.0
133842,LAX,TPE,CI,CI,860,5901.0
133843,TPE,LAX,CI,CI,680,5901.0
133852,CDG,NRT,AF,AF,699,5248.0
133854,NRT,CDG,AF,AF,750,5248.0
133861,DTW,KIX,NW,NW,845,5746.0
133862,DTW,NRT,NW,NW,805,5550.0
133863,KIX,DTW,NW,NW,730,5746.0
133864,JFK,NRT,NW,NW,845,5852.0
133865,NRT,JFK,NW,NW,740,5852.0
133868,NRT,DTW,NW,NW,690,5550.0
133875,KUL,LHR,MH,MH,840,5744.0
133877,KUL,LHR,VS,MH,840,5744.0
133878,KUL,LHR,VS,MH,840,5744.0
133879,KUL,LHR,MH,MH,840,5744.0
133880,LHR,KUL,VS,MH,750,5744.0
133882,LHR,KUL,VS,MH,750,5744.0
133885,LHR,KUL,MH,MH,750,5744.0
133887,LHR,KUL,MH,MH,750,5744.0
133989,NRT,FRA,LH,LH,715,5066.0
133993,RUN,ORY,AF,AF,685,5090.0
133995,NRT,MSP,NW,NW,660,5159.0
133998,ORY,RUN,AF,AF,660,5090.0
134010,MEX,FRA,LH,LH,640,5176.0
134024,LAX,FRA,LH,LH,635,5046.0
134026,FRA,SIN,LH,LH,700,5566.0
134035,FRA,KIX,LH,LH,650,5014.0
134041,FRA,MEX,LH,LH,740,5176.0
134055,MSP,NRT,NW,NW,760,5159.0
134062,SIN,FRA,LH,LH,791,5566.0
134063,KIX,FRA,LH,LH,720,5014.0
134064,FRA,EZE,LH,LH,825,6252.0
134071,FRA,NRT,LH,LH,670,5066.0
134107,BKK,LHR,BA,BA,775,5188.0
134111,NRT,LHR,BA,BA,775,5189.0
134112,NRT,LHR,BA,BA,775,5189.0
134113,HKG,LHR,BA,BA,820,5217.0
134114,CPT,LHR,BA,BA,715,5272.0
134115,LHR,SIN,BA,BA,770,5894.0
134116,LHR,CPT,BA,BA,700,5272.0
134118,LHR,NRT,BA,BA,710,5189.0
134124,LHR,NRT,BA,BA,705,5189.0
134125,LHR,HKG,BA,BA,705,5217.0
134134,SIN,LHR,BA,BA,860,5894.0
134135,SIN,LHR,BA,BA,860,5894.0
134152,LHR,SIN,SQ,SQ,760,5894.0
134153,SIN,LHR,SQ,SQ,850,5894.0
134156,SIN,FRA,SQ,SQ,800,5566.0
134158,SIN,LHR,SQ,SQ,850,5894.0
134165,LAX,TPE,AI,SQ,875,5901.0
134166,LAX,TPE,SQ,SQ,875,5901.0
134168,TPE,LAX,SQ,SQ,680,5901.0
134170,TPE,LAX,AI,SQ,680,5901.0
134171,HKG,SFO,SQ,SQ,700,6013.0
134173,SFO,HKG,SQ,SQ,885,6013.0
134174,FRA,SIN,SQ,SQ,710,5566.0
134184,BKK,CDG,TG,TG,760,5111.0
134186,CDG,BKK,TG,TG,660,5111.0
134234,LHR,NRT,NH,NH,690,5189.0
134244,JFK,NRT,NH,NH,830,5852.0
134245,IAD,NRT,NH,NH,820,5864.0
134246,NRT,IAD,NH,NH,735,5864.0
134247,NRT,LHR,NH,NH,745,5189.0
134251,NRT,JFK,NH,NH,735,5852.0
134299,LHR,HKG,CX,CX,730,5217.0
134300,LHR,HKG,CX,CX,715,5217.0
134301,YVR,HKG,CX,CX,825,5550.0
134302,HKG,LAX,CX,CX,745,6300.0
134305,CDG,HKG,CX,CX,700,5188.0
134310,HKG,LHR,CX,CX,790,5217.0
134311,HKG,LAX,CX,CX,740,6300.0
134312,HKG,CDG,CX,CX,785,5188.0
134313,HKG,YVR,CX,CX,670,5550.0
134314,LAX,HKG,CX,CX,930,6300.0
134315,LAX,HKG,CX,CX,925,6300.0
134326,GMP,LAX,KE,KE,650,5190.0
134328,NRT,ORD,NH,NH,690,5441.0
134331,ORD,NRT,NH,NH,785,5441.0
134332,GMP,JFK,KE,KE,805,5991.0
134333,LAX,GMP,KE,KE,810,5190.0
134334,GMP,LAX,KE,KE,650,5190.0
134338,LAX,GMP,KE,KE,815,5190.0
134341,JFK,GMP,KE,KE,875,5991.0
134399,YVR,HKG,AC,AC,795,5550.0
134402,LAX,MNL,PR,PR,910,6345.0
134403,MNL,LAX,PR,PR,760,6345.0
134453,TPE,YVR,CI,CI,610,5186.0
134458,YVR,TPE,CI,CI,765,5186.0
134470,CPT,LHR,SA,SA,705,5272.0
134471,LHR,CPT,SA,SA,690,5272.0
134474,TPE,SFO,UA,UA,650,5617.0
134475,AKL,LAX,UA,UA,710,5690.0
134478,NRT,ORD,UA,UA,675,5441.0
134482,NRT,ORD,UA,UA,685,5441.0
134486,JFK,NRT,UA,UA,835,5852.0
134487,NRT,JFK,UA,UA,745,5852.0
134489,HKG,LAX,UA,UA,735,6300.0
134490,HKG,SFO,UA,UA,700,6013.0
134492,LAX,HKG,UA,UA,930,6300.0
134493,SYD,SFO,UA,UA,805,6477.0
134494,SFO,SYD,UA,UA,865,6477.0
134496,SFO,TPE,UA,UA,835,5617.0
134497,SYD,LAX,UA,UA,805,6536.0
134499,SFO,HKG,UA,UA,890,6013.0
134502,HKG,ORD,UA,UA,840,6766.0
134503,ORD,HKG,UA,UA,955,6766.0
134505,ORD,NRT,UA,UA,790,5441.0
134506,ORD,NRT,UA,UA,790,5441.0
134507,LAX,MEL,UA,UA,910,6912.0
134510,LAX,SYD,UA,UA,865,6536.0
134513,LAX,AKL,UA,UA,755,5690.0
134514,MEL,LAX,UA,UA,850,6912.0
134526,LHR,SIN,QF,QF,760,5894.0
134527,LAX,SYD,QF,QF,875,6536.0
134528,LAX,SYD,QF,QF,875,6536.0
134529,SYD,LAX,QF,QF,810,6536.0
134530,SYD,LAX,QF,QF,810,6536.0
134531,SYD,LAX,QF,QF,810,6536.0
134532,LAX,MEL,QF,QF,910,6912.0
134534,LAX,SYD,QF,QF,875,6536.0
134535,LAX,AKL,QF,QF,760,5690.0
134536,MEL,LAX,QF,QF,855,6912.0
134562,EZE,FRA,LH,LH,800,6252.0
134565,LAX,TPE,BR,BR,870,5901.0
134566,TPE,LAX,BR,BR,680,5901.0
134571,PVG,LAX,MU,MU,720,5634.0
134572,SIN,CDG,SQ,SQ,820,5802.0
134598,FRA,NRT,NH,NH,670,5066.0
134599,NRT,FRA,NH,NH,725,5066.0
134648,HKG,LHR,CX,CX,830,5217.0
134702,AKL,LAX,NZ,NZ,720,5690.0
134703,AKL,LAX,NZ,NZ,720,5690.0
134741,AMS,NRT,JL,JL,675,5038.0
134742,FRA,NRT,JL,JL,675,5066.0
134762,KIX,LHR,JL,JL,755,5162.0
134769,LHR,NRT,JL,JL,705,5189.0
134770,CDG,NRT,JL,JL,710,5248.0
134772,ORD,NRT,JL,JL,785,5441.0
134773,JFK,NRT,JL,JL,840,5852.0
134774,NRT,JFK,JL,JL,735,5852.0
134781,NRT,AMS,JL,JL,720,5038.0
134784,NRT,FRA,JL,JL,725,5066.0
134785,NRT,LHR,JL,JL,765,5189.0
134787,NRT,CDG,JL,JL,750,5248.0
134788,NRT,ORD,JL,JL,675,5441.0
134793,CDG,MRU,MK,MK,700,5134.0
134806,JFK,JNB,SA,SA,865,6961.0
134844,BKK,LHR,QF,QF,770,5188.0
134850,LAX,TPE,CI,CI,870,5901.0
134851,TPE,JFK,CI,CI,870,6781.0
134852,TPE,LAX,CI,CI,680,5901.0
134927,GMP,LAX,OZ,OZ,650,5190.0
134929,LAX,GMP,OZ,OZ,810,5190.0
134935,FRA,KUL,MH,MH,705,5414.0
134936,KUL,FRA,MH,MH,785,5414.0
134959,SFO,HKG,CX,CX,930,6013.0
134962,HKG,YYZ,CX,CX,905,6787.0
134964,HKG,SFO,CX,CX,725,6013.0
134991,CDG,GRU,RG,RG,629,5115.0
135005,FRA,LAX,LH,LH,700,5046.0
135006,CDG,MRU,AF,AF,680,5134.0
135010,EZE,MAD,AR,AR,700,5480.0
135011,MAD,EZE,AR,AR,745,5480.0
135014,MRU,CDG,AF,AF,700,5134.0
135015,FRA,MNL,LH,LH,725,5572.0
135017,MNL,FRA,LH,LH,810,5572.0
135042,IAH,NRT,CO,CO,840,5765.0
135044,NRT,IAH,CO,CO,700,5765.0
135045,EWR,NRT,CO,CO,860,5838.0
135048,NRT,EWR,CO,CO,760,5838.0
135049,EWR,HKG,CO,CO,955,7002.0
135053,GRU,LGW,BA,BA,665,5133.0
135054,LGW,GRU,BA,BA,635,5133.0
135056,LHR,BKK,BA,BA,680,5188.0
135058,LHR,SIN,BA,BA,765,5894.0
135061,EZE,LGW,BA,BA,775,6048.0
135062,LGW,EZE,BA,BA,815,6048.0
135084,AMS,KUL,MH,MH,760,5540.0
135085,KUL,AMS,MH,MH,840,5540.0
135092,CDG,NRT,NH,NH,695,5248.0
135093,NRT,CDG,NH,NH,750,5248.0
135153,SEA,TPE,BR,BR,775,5275.0
135155,TPE,SEA,BR,BR,620,5275.0
135156,SFO,TPE,BR,BR,835,5617.0
135157,TPE,SFO,BR,BR,650,5617.0
135164,AMS,HKG,CX,CX,670,5019.0
135166,HKG,AMS,CX,CX,765,5019.0
135263,CDG,GRU,AF,AF,700,5115.0
135264,GRU,CDG,AF,AF,670,5115.0
135270,HKG,CDG,AF,AF,795,5188.0
135277,CDG,HKG,AF,AF,710,5188.0
135280,HKG,AMS,KL,KL,750,5019.0
135281,SIN,AMS,KL,KL,805,5690.0
135289,LAX,TPE,BR,BR,870,5901.0
135292,AMS,HKG,KL,KL,680,5019.0
135295,AMS,SIN,KL,KL,735,5690.0
135296,TPE,LAX,BR,BR,680,5901.0
135569,MAD,SCL,LA,LA,825,5817.0
135570,SCL,MAD,LA,LA,780,5817.0
135583,ATL,NRT,DL,DL,860,5944.0
135590,NRT,ATL,DL,DL,725,5944.0
135598,LHR,KIX,JL,JL,725,5162.0
135620,CDG,KIX,AF,AF,720,5207.0
135622,KIX,CDG,AF,AF,775,5207.0
135729,SFO,PEK,UA,UA,745,5133.0
135732,PEK,SFO,UA,UA,670,5133.0
135743,MRU,CDG,MK,MK,720,5134.0
135781,LHR,NRT,VS,VS,720,5189.0
135782,NRT,LHR,VS,VS,780,5189.0
135783,HKG,LHR,VS,VS,810,5217.0
135787,LHR,HKG,VS,VS,760,5217.0
135875,PVG,SFO,UA,UA,625,5346.0
135877,SFO,PVG,UA,UA,795,5346.0
135970,ORD,NRT,AA,AA,785,5441.0
135978,NRT,DFW,AA,AA,675,5574.0
135983,NRT,ORD,AA,AA,675,5441.0
135989,KIX,DFW,AA,AA,700,5807.0
135999,DFW,KIX,AA,AA,845,5807.0
136001,DFW,NRT,AA,AA,810,5574.0
136005,SIN,FRA,SQ,AN,800,5566.0
136006,AKL,LAX,NZ,NZ,720,5690.0
136010,LHR,BKK,QF,QF,675,5188.0
136011,LHR,SIN,QF,QF,755,5894.0
136012,JNB,SYD,QF,QF,705,5964.0
136014,SYD,JNB,QF,QF,840,5964.0
136078,FRA,GRU,RG,RG,718,5323.0
136079,GRU,FRA,RG,RG,694,5323.0
136081,GRU,CDG,RG,RG,665,5115.0
136093,LAX,ZRH,SR,SR,665,5160.0
136096,ZRH,LAX,SR,SR,730,5160.0
136138,LAX,FRA,LH,LH,670,5046.0
136142,GRU,FRA,LH,LH,705,5323.0
136151,MNL,SFO,PR,PR,720,6071.0
136163,SFO,MNL,PR,PR,890,6071.0
136165,FRA,LAX,LH,LH,735,5046.0
136173,FRA,GRU,LH,LH,740,5323.0
136220,BKK,CDG,AF,AF,770,5111.0
136222,CDG,NRT,AF,AF,700,5248.0
136224,CDG,BKK,AF,AF,665,5111.0
136225,NRT,CDG,AF,AF,875,5248.0
136228,DTW,PEK,NW,NW,835,5756.0
136229,PEK,DTW,NW,NW,780,5756.0
136230,DTW,NGO,NW,NW,810,5688.0
136245,BKK,LHR,TG,TG,755,5188.0
136247,LHR,BKK,TG,TG,680,5188.0
136248,CDG,EZE,AF,AF,815,6039.0
136249,EZE,CDG,AF,AF,780,6039.0
136270,LAX,TPE,MH,MH,875,5901.0
136272,TPE,LAX,MH,MH,695,5901.0
136347,HKG,LHR,BA,BA,820,5217.0
136349,LHR,HKG,BA,BA,705,5217.0
136426,FRA,SIN,SQ,SQ,710,5566.0
136427,SIN,ZRH,SQ,SQ,795,5575.0
136428,AMS,SIN,SQ,SQ,730,5690.0
136430,SIN,AMS,SQ,SQ,820,5690.0
136782,LAX,MXP,AZ,RD,685,5246.0
136783,MXP,LAX,AZ,RD,765,5246.0
136786,HKG,YVR,CX,CX,675,5550.0
136787,YVR,HKG,CX,CX,845,5550.0
136788,HKG,JNB,CX,CX,770,5787.0
136789,JNB,HKG,CX,CX,775,5787.0
136839,CDG,GRU,JJ,JJ,695,5115.0
136841,GRU,CDG,JJ,JJ,690,5115.0
136851,GMP,ORD,KE,KE,755,5678.0
136852,ORD,GMP,KE,KE,835,5678.0
136902,TPE,YVR,AC,AC,605,5186.0
136903,HKG,YVR,AC,AC,655,5550.0
137620,LIM,MAD,IB,IB,685,5167.0
137621,MAD,SCL,IB,IB,815,5817.0
137623,MAD,LIM,IB,IB,715,5167.0
137624,SCL,MAD,IB,IB,770,5817.0
137663,HKG,EWR,CO,CO,940,7002.0
137803,ATL,JNB,SA,SA,925,7365.0
137864,FRA,SIN,QF,QF,725,5566.0
137865,SIN,FRA,QF,QF,810,5566.0
137867,AKL,LAX,QF,QF,710,5690.0
138185,ORY,RUN,IW,IW,595,5090.0
138186,RUN,ORY,IW,IW,735,5090.0
138258,KUL,LHR,BA,BA,840,5744.0
138260,LHR,KUL,BA,BA,770,5744.0
138617,CAN,LAX,CZ,CZ,830,6274.0
138619,LAX,CAN,CZ,CZ,820,6274.0
138710,CDG,GIG,AF,AF,700,5002.0
138713,GIG,CDG,AF,AF,665,5002.0
138738,AKL,LAX,NZ,NZ,720,5690.0
138739,AKL,LAX,NZ,NZ,720,5690.0
138740,AKL,LAX,NZ,NZ,720,5690.0
139039,KIX,MXP,AZ,RD,770,5204.0
139040,MXP,KIX,AZ,RD,700,5204.0
139041,MXP,NRT,AZ,RD,715,5269.0
139044,NRT,MXP,AZ,RD,760,5269.0
139297,GMP,JFK,OZ,OZ,830,5991.0
139748,BKK,CDG,AF,AF,770,5111.0
139750,CDG,BKK,AF,AF,665,5111.0
139752,MXP,SFO,AZ,RD,745,5167.0
139754,SFO,MXP,AZ,RD,690,5167.0
139845,NGO,DTW,NW,NW,700,5688.0
140320,CDG,KIX,JL,JL,730,5207.0
140321,DFW,NRT,JL,JL,820,5574.0
140322,KIX,CDG,JL,JL,755,5207.0
140323,JFK,NRT,JL,JL,840,5852.0
140324,NRT,JFK,JL,JL,735,5852.0
140325,NRT,DFW,JL,JL,685,5574.0
140337,BKK,LHR,TG,TG,755,5188.0
140345,LHR,BKK,TG,TG,680,5188.0
140399,CDG,KUL,MH,MH,720,5650.0
140401,KUL,MAN,MH,MH,840,5786.0
140403,KUL,CDG,MH,MH,815,5650.0
140404,MAN,KUL,MH,MH,750,5786.0
140408,SFO,ZRH,SR,SR,660,5076.0
140409,NRT,ZRH,SR,SR,765,5183.0
140410,ZRH,NRT,SR,SR,710,5183.0
140412,ZRH,SFO,SR,SR,720,5076.0
140448,AKL,GMP,KE,KE,710,5244.0
140483,NGO,FRA,LH,LH,735,5029.0
140484,AMS,NRT,KL,KL,670,5038.0
140491,NRT,AMS,KL,KL,720,5038.0
140496,FRA,NRT,LH,LH,670,5066.0
140498,FRA,NGO,LH,LH,675,5029.0
140510,NRT,FRA,LH,LH,715,5066.0
140511,NRT,MSP,NW,NW,665,5159.0
140512,HKG,JNB,SA,SA,780,5787.0
140518,JNB,HKG,SA,SA,785,5787.0
140583,BKK,LHR,BA,BA,775,5188.0
140586,LHR,BKK,BA,BA,680,5188.0
140588,HKG,LHR,BA,BA,820,5217.0
140595,LHR,HKG,BA,BA,705,5217.0
140619,AMS,SIN,SQ,SQ,730,5690.0
140621,SIN,AMS,SQ,SQ,820,5690.0
140623,CDG,SIN,SQ,SQ,750,5802.0
140764,NRT,BRU,SN,SN,770,5119.0
140770,GRU,LAX,RG,RG,724,5382.0
140778,LAX,GRU,RG,RG,647,5382.0
140794,BRU,NRT,SN,SN,710,5119.0
140836,BKK,LHR,TG,TG,755,5188.0
140839,LHR,BKK,TG,TG,680,5188.0
141054,GMP,LAX,OZ,OZ,640,5190.0
141057,LAX,GMP,OZ,OZ,800,5190.0
141130,HKG,ZRH,CX,CX,810,5019.0
141132,ZRH,HKG,CX,CX,700,5019.0
141133,FCO,HKG,CX,CX,680,5027.0
141134,HKG,FCO,CX,CX,860,5027.0
141154,GRU,LAX,RG,RG,730,5382.0
141156,LHR,GRU,RG,RG,640,5140.0
141158,GRU,LHR,RG,RG,680,5140.0
141159,LAX,GRU,RG,RG,700,5382.0
141298,GRU,LAX,KE,KE,720,5382.0
141299,LAX,GRU,KE,KE,700,5382.0
141300,LAX,GMP,KE,KE,815,5190.0
141310,ORD,GMP,KE,KE,835,5678.0
141318,GMP,BOS,KE,KE,810,5919.0
141322,DFW,GMP,KE,KE,875,5927.0
141329,GMP,DFW,KE,KE,765,5927.0
141330,GMP,ORD,KE,KE,755,5678.0
141331,GMP,LAX,KE,KE,650,5190.0
141333,IAD,GMP,KE,KE,880,6039.0
141578,YVR,TPE,AC,AC,755,5186.0
141579,HKG,YVR,AC,AC,655,5550.0
141582,KUL,ZRH,MH,MH,810,5421.0
141583,ZRH,KUL,MH,MH,715,5421.0
141715,HHA,SZX,CZ,CZ,65,6736.0
141724,SZX,HHA,CZ,CZ,55,6736.0
142281,AMS,KUL,KL,KL,710,5540.0
142286,KUL,AMS,KL,KL,785,5540.0
142291,CDG,SIN,AF,AF,750,5802.0
142301,SIN,CDG,AF,AF,835,5802.0
142928,YVR,TPE,AC,AC,800,5186.0
142929,HKG,YVR,AC,AC,690,5550.0
145384,CPT,FLL,SA,SA,885,6695.0
145871,TLV,YYZ,AC,AC,750,5031.0
145874,YYZ,TLV,AC,AC,660,5031.0
145878,AKL,LAX,QF,QF,710,5690.0
145882,CDG,SIN,QF,QF,755,5802.0
145883,SIN,LHR,QF,QF,840,5894.0
145885,SIN,CDG,QF,QF,845,5802.0
145886,SIN,LHR,QF,QF,840,5894.0
145906,KUL,VIE,NG,NG,740,5103.0
145910,VIE,KUL,NG,NG,650,5103.0
146701,EZE,FCO,AZ,RD,770,6059.0
146704,FCO,EZE,AZ,RD,840,6059.0
149344,MAD,EZE,IB,IB,775,5480.0
149357,EZE,FCO,AR,AR,790,6059.0
149358,EZE,MAD,IB,IB,715,5480.0
149361,FCO,EZE,AR,AR,860,6059.0
150693,LAX,GMP,OZ,OZ,800,5190.0
150694,GMP,LAX,OZ,OZ,640,5190.0
151811,HHA,SZX,XO,XO,82,6736.0
151812,SZX,HHA,XO,XO,75,6736.0
151880,NRT,ZRH,JL,JL,760,5183.0
151882,ZRH,NRT,JL,JL,710,5183.0
151887,MXP,NRT,JL,JL,705,5269.0
151889,DFW,NRT,JL,JL,820,5574.0
151890,NRT,DFW,JL,JL,685,5574.0
151891,NRT,MXP,JL,JL,750,5269.0
152037,CAN,HHA,CZ,CZ,70,6703.0
152068,HHA,CAN,CZ,CZ,70,6703.0
152069,SZX,HHA,CZ,CZ,70,6736.0
152086,CAN,HHA,CZ,CZ,70,6703.0
152090,CAN,HHA,CZ,CZ,70,6703.0
152102,CAN,HHA,CZ,CZ,70,6703.0
152147,HHA,SZX,CZ,CZ,70,6736.0
152155,HHA,CAN,CZ,CZ,70,6703.0
152157,HHA,CAN,CZ,CZ,70,6703.0
152160,HHA,CAN,CZ,CZ,75,6703.0
152274,MRU,CDG,MK,MK,720,5134.0
155499,AKL,LAX,NZ,NZ,720,5690.0
155506,AKL,LAX,NZ,NZ,720,5690.0
155507,GMP,JFK,OZ,OZ,830,5991.0
155546,HKG,YVR,CX,CX,705,5550.0
155547,YVR,HKG,CX,CX,875,5550.0
155569,CDG,GIG,RG,RG,630,5002.0
155570,LHR,GRU,RG,RG,700,5140.0
155575,MUC,GRU,RG,RG,750,5353.0
155576,GRU,LAX,RG,RG,720,5382.0
155579,GRU,LHR,RG,RG,680,5140.0
155580,GRU,MUC,RG,RG,720,5353.0
155581,GIG,CDG,RG,RG,660,5002.0
155583,LAX,GRU,RG,RG,700,5382.0
157034,MXP,NRT,AZ,RD,715,5269.0
157041,NRT,MXP,AZ,RD,760,5269.0
157863,JED,JFK,SV,SV,790,5535.0
157868,JFK,JED,SV,SV,675,5535.0
157910,FCO,KUL,MH,MH,715,5284.0
157911,DXB,EWR,MH,MH,895,5966.0
157914,KUL,FCO,MH,MH,790,5284.0
157915,EWR,DXB,MH,MH,760,5966.0
159013,NRT,CDG,AF,AF,875,5248.0
159152,BKK,LHR,BR,BR,805,5188.0
159156,LHR,BKK,BR,BR,680,5188.0
159157,SFO,TPE,BR,BR,835,5617.0
159158,TPE,SFO,BR,BR,650,5617.0
159165,DTW,PVG,NW,NW,900,6203.0
159167,PVG,DTW,NW,NW,800,6203.0
159176,IST,MIA,TK,TK,800,5188.0
159177,MIA,IST,TK,TK,660,5188.0
159229,CDG,PVG,AF,AF,660,5012.0
159234,PVG,CDG,AF,AF,740,5012.0
159242,TPE,YVR,BR,BR,615,5186.0
159243,YVR,TPE,BR,BR,765,5186.0
159244,GRU,AMS,KL,KL,680,5314.0
159245,AMS,KUL,KL,KL,710,5540.0
159257,AMS,GRU,KL,KL,715,5314.0
159261,KUL,AMS,KL,KL,785,5540.0
159266,CDG,SIN,AF,AF,750,5802.0
159267,SIN,CDG,AF,AF,835,5802.0
159891,CDG,RUN,AF,AF,670,5092.0
159895,RUN,CDG,AF,AF,690,5092.0
159907,MSP,NRT,NW,NW,760,5159.0
159924,FRA,LAX,LH,LH,700,5046.0
159934,AMS,SIN,KL,KL,725,5690.0
159951,SIN,AMS,KL,KL,805,5690.0
160021,LGW,BKK,GA,GA,685,5186.0
160022,AMS,SIN,GA,GA,725,5690.0
160023,BKK,LGW,GA,GA,765,5186.0
160024,SIN,AMS,GA,GA,810,5690.0
160215,TPE,YVR,AC,AC,630,5186.0
160226,LHR,BKK,BA,BA,680,5188.0
160242,YVR,HKG,AC,AC,860,5550.0
160251,LHR,SIN,BA,BA,765,5894.0
160252,YYZ,NRT,AC,AC,860,5570.0
160407,ZRH,SIN,SQ,SQ,715,5575.0
162685,GMP,SHO,KE,KE,50,6615.0
162696,GMP,SHO,KE,KE,50,6615.0
162708,SHO,GMP,KE,KE,55,6615.0
162710,SHO,GMP,KE,KE,55,6615.0
162757,LHR,PVG,VS,VS,660,5005.0
162759,PVG,LHR,VS,VS,750,5005.0
162760,HKG,MXP,AZ,RD,795,5065.0
162763,EZE,MXP,AZ,RD,780,6091.0
162767,MXP,EZE,AZ,RD,840,6091.0
162768,MXP,HKG,AZ,RD,700,5065.0
163838,CPH,SIN,SQ,SQ,720,5399.0
163860,SIN,CPH,SQ,SQ,835,5399.0
163872,FCO,SIN,SQ,SQ,730,5442.0
163874,SIN,FCO,SQ,SQ,810,5442.0
163880,SFO,MNL,PR,PR,920,6071.0
163955,MNL,LAX,PR,PR,790,6345.0
163982,MNL,SFO,PR,PR,745,6071.0
165669,HKG,ZRH,SR,SR,780,5019.0
165671,HKG,ZRH,SR,SR,780,5019.0
165674,GRU,ZRH,SR,SR,675,5226.0
165675,GRU,ZRH,SR,SR,675,5226.0
165679,ZRH,GRU,SR,SR,705,5226.0
165680,ZRH,HKG,SR,SR,700,5019.0
165681,SIN,ZRH,SR,SR,800,5575.0
165684,ZRH,SIN,SR,SR,725,5575.0
165685,KIX,ZRH,SR,SR,760,5124.0
165686,ZRH,KIX,SR,SR,690,5124.0
165687,ZRH,GRU,SR,SR,705,5226.0
165688,ZRH,HKG,SR,SR,700,5019.0
165911,MUC,SFO,LH,LH,745,5111.0
165916,GIG,FRA,LH,LH,685,5205.0
165941,EZE,LAX,AR,AR,755,5362.0
165948,LAX,EZE,AR,AR,710,5362.0
165954,SIN,FRA,LH,LH,830,5566.0
165969,FRA,LIM,LH,LH,820,5823.0
165977,FRA,GIG,LH,LH,725,5205.0
165992,FRA,SIN,LH,LH,735,5566.0
165994,SFO,MUC,LH,LH,660,5111.0
165998,LIM,FRA,LH,LH,755,5823.0
167256,EZE,AKL,QF,QF,775,5572.0
167268,AKL,EZE,QF,QF,675,5572.0
167269,SIN,LHR,QF,QF,840,5894.0
167272,KUL,VIE,NG,NG,740,5103.0
167273,VIE,KUL,NG,NG,650,5103.0
169469,BAU,CGH,JJ,JJ,40,5285.0
169474,CGH,BAU,JJ,JJ,40,5285.0
169479,CGH,BAU,JJ,JJ,42,5285.0
169484,CGH,BAU,JJ,JJ,40,5285.0
169503,ARU,BAU,JJ,JJ,25,5318.0
169514,ARU,BAU,JJ,JJ,37,5318.0
169526,BAU,ARU,JJ,JJ,40,5318.0
169528,BAU,CGH,JJ,JJ,40,5285.0
169533,BAU,CGH,JJ,JJ,46,5285.0
169534,BAU,ARU,JJ,JJ,25,5318.0
170105,GRU,MXP,AZ,RD,695,5156.0
171206,LHR,NGO,JL,JL,715,5169.0
171207,NGO,LHR,JL,JL,765,5169.0
171208,FCO,NRT,JL,JL,720,5359.0
171210,NRT,FCO,JL,JL,755,5359.0
171213,KIX,ORD,JL,JL,700,5646.0
171214,KIX,ORD,JL,JL,700,5646.0
171215,ORD,KIX,JL,JL,820,5646.0
171216,ORD,KIX,JL,JL,820,5646.0
171321,CDG,MRU,MK,MK,700,5134.0
171323,LHR,MRU,MK,MK,715,5319.0
171324,MRU,LHR,MK,MK,735,5319.0
172555,GRU,MXP,RG,RG,695,5156.0
172556,MXP,GRU,RG,RG,738,5156.0
173917,KUL,VIE,MH,MH,770,5103.0
173919,KUL,VIE,MH,MH,770,5103.0
173920,VIE,KUL,MH,MH,690,5103.0
173921,VIE,KUL,MH,MH,690,5103.0
174803,AMS,NRT,KL,KL,670,5038.0
174832,NRT,AMS,KL,KL,720,5038.0
175201,NRT,YYZ,AC,AC,735,5570.0
175205,NRT,YYZ,AC,AC,735,5570.0
175209,YYZ,NRT,AC,AC,860,5570.0
175459,CAI,KIX,MS,MS,710,5026.0
175462,KIX,CAI,MS,MS,835,5026.0
175633,EZE,MAD,JK,JK,715,5480.0
175634,MAD,EZE,JK,JK,785,5480.0
