Origin Airport,Origin Airport Name,Origin City Name,Origin Country Name,Origin Region Name,Flight No,Departure Time,Flight Duration (mins),Departure Terminal,DepCount
ORD,O'HARE INTERNATIONAL AIRPORT,CHICAGO,UNITED STATES,NORTH AMERICA,6960,14:30,100,2,7
ORD,O'HARE INTERNATIONAL AIRPORT,CHICAGO,UNITED STATES,NORTH AMERICA,1722,22:50,58,1,1
ORD,O'HARE INTERNATIONAL AIRPORT,CHICAGO,UNITED STATES,NORTH AMERICA,3258,18:25,75,1,6
ORD,O'HARE INTERNATIONAL AIRPORT,CHICAGO,UNITED STATES,NORTH AMERICA,3336,15:20,235,2,7
ORD,O'HARE INTERNATIONAL AIRPORT,CHICAGO,UNITED STATES,NORTH AMERICA,7133,16:44,242,3,7
ORD,O'HARE INTERNATIONAL AIRPORT,CHICAGO,UNITED STATES,NORTH AMERICA,1812,15:40,153,1,1
ORD,O'HARE INTERNATIONAL AIRPORT,CHICAGO,UNITED STATES,NORTH AMERICA,3939,15:20,161,1,7
ORD,O'HARE INTERNATIONAL AIRPORT,CHICAGO,UNITED STATES,NORTH AMERICA,6680,13:14,150,1,1
ORD,O'HARE INTERNATIONAL AIRPORT,CHICAGO,UNITED STATES,NORTH AMERICA,5142,11:00,91,1,1
ORD,O'HARE INTERNATIONAL AIRPORT,CHICAGO,UNITED STATES,NORTH AMERICA,1107,19:44,88,1,5
ORD,O'HARE INTERNATIONAL AIRPORT,CHICAGO,UNITED STATES,NORTH AMERICA,1054,13:14,126,1,2
ORD,O'HARE INTERNATIONAL AIRPORT,CHICAGO,UNITED STATES,NORTH AMERICA,3274,08:00,137,1,7
ORD,O'HARE INTERNATIONAL AIRPORT,CHICAGO,UNITED STATES,NORTH AMERICA,4421,13:50,105,3,7
ORD,O'HARE INTERNATIONAL AIRPORT,CHICAGO,UNITED STATES,NORTH AMERICA,5139,16:00,101,2,7
ORD,O'HARE INTERNATIONAL AIRPORT,CHICAGO,UNITED STATES,NORTH AMERICA,5462,10:00,141,1,6
ORD,O'HARE INTERNATIONAL AIRPORT,CHICAGO,UNITED STATES,NORTH AMERICA,7858,21:50,74,2,7
ORD,O'HARE INTERNATIONAL AIRPORT,CHICAGO,UNITED STATES,NORTH AMERICA,6743,13:25,63,2,6
ORD,O'HARE INTERNATIONAL AIRPORT,CHICAGO,UNITED STATES,NORTH AMERICA,5418,10:10,86,3,7
ORD,O'HARE INTERNATIONAL AIRPORT,CHICAGO,UNITED STATES,NORTH AMERICA,342,20:00,114,3,6
ORD,O'HARE INTERNATIONAL AIRPORT,CHICAGO,UNITED STATES,NORTH AMERICA,1719,9:00,99,1,7
ORD,O'HARE INTERNATIONAL AIRPORT,CHICAGO,UNITED STATES,NORTH AMERICA,5063,20:30,262,1,4
ORD,O'HARE INTERNATIONAL AIRPORT,CHICAGO,UNITED STATES,NORTH AMERICA,5842,16:45,45,1,7
ORD,O'HARE INTERNATIONAL AIRPORT,CHICAGO,UNITED STATES,NORTH AMERICA,3500,16:30,495,1,7
ORD,O'HARE INTERNATIONAL AIRPORT,CHICAGO,UNITED STATES,NORTH AMERICA,1273,8:45,248,3,7
ORD,O'HARE INTERNATIONAL AIRPORT,CHICAGO,UNITED STATES,NORTH AMERICA,1103,6:00,154,2,1
ORD,O'HARE INTERNATIONAL AIRPORT,CHICAGO,UNITED STATES,NORTH AMERICA,1517,6:20,149,3,1
ORD,O'HARE INTERNATIONAL AIRPORT,CHICAGO,UNITED STATES,NORTH AMERICA,7534,15:00,245,5,7
ORD,O'HARE INTERNATIONAL AIRPORT,CHICAGO,UNITED STATES,NORTH AMERICA,1944,14:50,119,3,1
ORD,O'HARE INTERNATIONAL AIRPORT,CHICAGO,UNITED STATES,NORTH AMERICA,1410,15:10,126,3,7
ORD,O'HARE INTERNATIONAL AIRPORT,CHICAGO,UNITED STATES,NORTH AMERICA,5557,09:10,293,1,7
ORD,O'HARE INTERNATIONAL AIRPORT,CHICAGO,UNITED STATES,NORTH AMERICA,5186,17:05,450,5,7
ORD,O'HARE INTERNATIONAL AIRPORT,CHICAGO,UNITED STATES,NORTH AMERICA,1590,15:15,61,1,1
ORD,O'HARE INTERNATIONAL AIRPORT,CHICAGO,UNITED STATES,NORTH AMERICA,3224,07:45,89,2,6
ORD,O'HARE INTERNATIONAL AIRPORT,CHICAGO,UNITED STATES,NORTH AMERICA,1555,13:30,71,3,1
ORD,O'HARE INTERNATIONAL AIRPORT,CHICAGO,UNITED STATES,NORTH AMERICA,1076,13:25,127,1,7
ORD,O'HARE INTERNATIONAL AIRPORT,CHICAGO,UNITED STATES,NORTH AMERICA,5783,18:20,160,1,7
ORD,O'HARE INTERNATIONAL AIRPORT,CHICAGO,UNITED STATES,NORTH AMERICA,8813,20:55,151,1,7
ORD,O'HARE INTERNATIONAL AIRPORT,CHICAGO,UNITED STATES,NORTH AMERICA,5437,19:35,281,1,7
ORD,O'HARE INTERNATIONAL AIRPORT,CHICAGO,UNITED STATES,NORTH AMERICA,7562,18:50,201,5,7
ORD,O'HARE INTERNATIONAL AIRPORT,CHICAGO,UNITED STATES,NORTH AMERICA,149,18:20,286,1,7
ORD,O'HARE INTERNATIONAL AIRPORT,CHICAGO,UNITED STATES,NORTH AMERICA,5916,19:50,146,1,6
ORD,O'HARE INTERNATIONAL AIRPORT,CHICAGO,UNITED STATES,NORTH AMERICA,3044,21:00,117,2,1
ORD,O'HARE INTERNATIONAL AIRPORT,CHICAGO,UNITED STATES,NORTH AMERICA,261,19:44,159,1,6
ORD,O'HARE INTERNATIONAL AIRPORT,CHICAGO,UNITED STATES,NORTH AMERICA,5873,22:00,140,3,3
ORD,O'HARE INTERNATIONAL AIRPORT,CHICAGO,UNITED STATES,NORTH AMERICA,6466,15:20,100,1,7
ORD,O'HARE INTERNATIONAL AIRPORT,CHICAGO,UNITED STATES,NORTH AMERICA,4441,08:45,260,5,4
ORD,O'HARE INTERNATIONAL AIRPORT,CHICAGO,UNITED STATES,NORTH AMERICA,3967,20:45,108,1,7
ORD,O'HARE INTERNATIONAL AIRPORT,CHICAGO,UNITED STATES,NORTH AMERICA,624,17:00,112,1,4
ORD,O'HARE INTERNATIONAL AIRPORT,CHICAGO,UNITED STATES,NORTH AMERICA,1535,11:50,79,1,7
ORD,O'HARE INTERNATIONAL AIRPORT,CHICAGO,UNITED STATES,NORTH AMERICA,7606,15:15,94,5,7
ORD,O'HARE INTERNATIONAL AIRPORT,CHICAGO,UNITED STATES,NORTH AMERICA,1111,15:40,230,1,7
ORD,O'HARE INTERNATIONAL AIRPORT,CHICAGO,UNITED STATES,NORTH AMERICA,6657,18:14,57,2,1
ORD,O'HARE INTERNATIONAL AIRPORT,CHICAGO,UNITED STATES,NORTH AMERICA,3819,14:15,107,2,4
ORD,O'HARE INTERNATIONAL AIRPORT,CHICAGO,UNITED STATES,NORTH AMERICA,9710,01:40,260,5,6
ORD,O'HARE INTERNATIONAL AIRPORT,CHICAGO,UNITED STATES,NORTH AMERICA,440,06:55,71,1,7
ORD,O'HARE INTERNATIONAL AIRPORT,CHICAGO,UNITED STATES,NORTH AMERICA,1161,15:15,94,3,7
ORD,O'HARE INTERNATIONAL AIRPORT,CHICAGO,UNITED STATES,NORTH AMERICA,5133,11:00,89,2,6
ORD,O'HARE INTERNATIONAL AIRPORT,CHICAGO,UNITED STATES,NORTH AMERICA,1590,15:28,60,1,7
ORD,O'HARE INTERNATIONAL AIRPORT,CHICAGO,UNITED STATES,NORTH AMERICA,3941,15:14,274,1,7
ORD,O'HARE INTERNATIONAL AIRPORT,CHICAGO,UNITED STATES,NORTH AMERICA,2253,19:00,154,3,6
ORD,O'HARE INTERNATIONAL AIRPORT,CHICAGO,UNITED STATES,NORTH AMERICA,605,9:50,137,1,7
ORD,O'HARE INTERNATIONAL AIRPORT,CHICAGO,UNITED STATES,NORTH AMERICA,101,12:00,268,1,5
ORD,O'HARE INTERNATIONAL AIRPORT,CHICAGO,UNITED STATES,NORTH AMERICA,7101,11:15,153,2,2
ORD,O'HARE INTERNATIONAL AIRPORT,CHICAGO,UNITED STATES,NORTH AMERICA,567,18:50,119,3,7
ORD,O'HARE INTERNATIONAL AIRPORT,CHICAGO,UNITED STATES,NORTH AMERICA,4029,16:25,80,3,7
ORD,O'HARE INTERNATIONAL AIRPORT,CHICAGO,UNITED STATES,NORTH AMERICA,6715,16:15,48,2,6
ORD,O'HARE INTERNATIONAL AIRPORT,CHICAGO,UNITED STATES,NORTH AMERICA,7702,15:05,82,5,7
ORD,O'HARE INTERNATIONAL AIRPORT,CHICAGO,UNITED STATES,NORTH AMERICA,8402,7:25,252,3,2
ORD,O'HARE INTERNATIONAL AIRPORT,CHICAGO,UNITED STATES,NORTH AMERICA,5429,19:40,272,1,2
ORD,O'HARE INTERNATIONAL AIRPORT,CHICAGO,UNITED STATES,NORTH AMERICA,125,07:00,91,2,1
ORD,O'HARE INTERNATIONAL AIRPORT,CHICAGO,UNITED STATES,NORTH AMERICA,1556,10:50,84,2,7
ORD,O'HARE INTERNATIONAL AIRPORT,CHICAGO,UNITED STATES,NORTH AMERICA,5501,08:05,265,1,7
ORD,O'HARE INTERNATIONAL AIRPORT,CHICAGO,UNITED STATES,NORTH AMERICA,7205,18:44,169,3,7
ORD,O'HARE INTERNATIONAL AIRPORT,CHICAGO,UNITED STATES,NORTH AMERICA,5240,16:00,72,2,1
ORD,O'HARE INTERNATIONAL AIRPORT,CHICAGO,UNITED STATES,NORTH AMERICA,5512,19:35,167,1,7
ORD,O'HARE INTERNATIONAL AIRPORT,CHICAGO,UNITED STATES,NORTH AMERICA,5912,15:14,143,1,7
ORD,O'HARE INTERNATIONAL AIRPORT,CHICAGO,UNITED STATES,NORTH AMERICA,6122,8:55,75,2,2
ORD,O'HARE INTERNATIONAL AIRPORT,CHICAGO,UNITED STATES,NORTH AMERICA,6640,19:14,116,1,6
ORD,O'HARE INTERNATIONAL AIRPORT,CHICAGO,UNITED STATES,NORTH AMERICA,1092,21:20,61,1,7
ORD,O'HARE INTERNATIONAL AIRPORT,CHICAGO,UNITED STATES,NORTH AMERICA,1521,11:20,73,3,7
ORD,O'HARE INTERNATIONAL AIRPORT,CHICAGO,UNITED STATES,NORTH AMERICA,7418,10:40,108,1,7
ORD,O'HARE INTERNATIONAL AIRPORT,CHICAGO,UNITED STATES,NORTH AMERICA,507,11:40,87,3,7
ORD,O'HARE INTERNATIONAL AIRPORT,CHICAGO,UNITED STATES,NORTH AMERICA,1633,19:05,272,3,1
ORD,O'HARE INTERNATIONAL AIRPORT,CHICAGO,UNITED STATES,NORTH AMERICA,4357,20:44,70,3,6
ORD,O'HARE INTERNATIONAL AIRPORT,CHICAGO,UNITED STATES,NORTH AMERICA,3006,19:05,270,3,6
ORD,O'HARE INTERNATIONAL AIRPORT,CHICAGO,UNITED STATES,NORTH AMERICA,1686,16:40,127,1,7
ORD,O'HARE INTERNATIONAL AIRPORT,CHICAGO,UNITED STATES,NORTH AMERICA,705,06:40,159,1,7
ORD,O'HARE INTERNATIONAL AIRPORT,CHICAGO,UNITED STATES,NORTH AMERICA,7600,18:40,73,5,7
ORD,O'HARE INTERNATIONAL AIRPORT,CHICAGO,UNITED STATES,NORTH AMERICA,558,20:35,118,3,6
ORD,O'HARE INTERNATIONAL AIRPORT,CHICAGO,UNITED STATES,NORTH AMERICA,1446,10:40,51,1,7
ORD,O'HARE INTERNATIONAL AIRPORT,CHICAGO,UNITED STATES,NORTH AMERICA,3687,18:40,268,3,1
ORD,O'HARE INTERNATIONAL AIRPORT,CHICAGO,UNITED STATES,NORTH AMERICA,5561,16:40,50,1,6
ORD,O'HARE INTERNATIONAL AIRPORT,CHICAGO,UNITED STATES,NORTH AMERICA,6650,21:00,153,1,7
ORD,O'HARE INTERNATIONAL AIRPORT,CHICAGO,UNITED STATES,NORTH AMERICA,5924,16:44,80,1,6
ORD,O'HARE INTERNATIONAL AIRPORT,CHICAGO,UNITED STATES,NORTH AMERICA,734,14:30,89,1,7
ORD,O'HARE INTERNATIONAL AIRPORT,CHICAGO,UNITED STATES,NORTH AMERICA,6723,13:14,53,2,7
ORD,O'HARE INTERNATIONAL AIRPORT,CHICAGO,UNITED STATES,NORTH AMERICA,659,19:40,280,1,1
ORD,O'HARE INTERNATIONAL AIRPORT,CHICAGO,UNITED STATES,NORTH AMERICA,1668,20:44,83,2,6
ORD,O'HARE INTERNATIONAL AIRPORT,CHICAGO,UNITED STATES,NORTH AMERICA,1404,13:35,123,3,7
ORD,O'HARE INTERNATIONAL AIRPORT,CHICAGO,UNITED STATES,NORTH AMERICA,247,9:10,154,1,7
ORD,O'HARE INTERNATIONAL AIRPORT,CHICAGO,UNITED STATES,NORTH AMERICA,4431,01:40,260,5,1
ORD,O'HARE INTERNATIONAL AIRPORT,CHICAGO,UNITED STATES,NORTH AMERICA,5202,13:17,133,1,7
ORD,O'HARE INTERNATIONAL AIRPORT,CHICAGO,UNITED STATES,NORTH AMERICA,4177,14:45,60,3,7
ORD,O'HARE INTERNATIONAL AIRPORT,CHICAGO,UNITED STATES,NORTH AMERICA,3395,11:20,278,3,3
ORD,O'HARE INTERNATIONAL AIRPORT,CHICAGO,UNITED STATES,NORTH AMERICA,7176,7:15,118,2,1
ORD,O'HARE INTERNATIONAL AIRPORT,CHICAGO,UNITED STATES,NORTH AMERICA,1814,06:50,72,3,7
ORD,O'HARE INTERNATIONAL AIRPORT,CHICAGO,UNITED STATES,NORTH AMERICA,3961,18:20,276,1,6
ORD,O'HARE INTERNATIONAL AIRPORT,CHICAGO,UNITED STATES,NORTH AMERICA,7542,14:45,63,5,6
ORD,O'HARE INTERNATIONAL AIRPORT,CHICAGO,UNITED STATES,NORTH AMERICA,7494,21:50,550,5,3
ORD,O'HARE INTERNATIONAL AIRPORT,CHICAGO,UNITED STATES,NORTH AMERICA,4355,18:10,69,3,7
ORD,O'HARE INTERNATIONAL AIRPORT,CHICAGO,UNITED STATES,NORTH AMERICA,4225,09:30,55,3,1
ORD,O'HARE INTERNATIONAL AIRPORT,CHICAGO,UNITED STATES,NORTH AMERICA,5127,09:02,157,1,7
ORD,O'HARE INTERNATIONAL AIRPORT,CHICAGO,UNITED STATES,NORTH AMERICA,3928,13:30,149,1,6
ORD,O'HARE INTERNATIONAL AIRPORT,CHICAGO,UNITED STATES,NORTH AMERICA,137,13:00,84,2,5
ORD,O'HARE INTERNATIONAL AIRPORT,CHICAGO,UNITED STATES,NORTH AMERICA,1234,15:23,97,3,7
ORD,O'HARE INTERNATIONAL AIRPORT,CHICAGO,UNITED STATES,NORTH AMERICA,5536,16:20,70,3,2
ORD,O'HARE INTERNATIONAL AIRPORT,CHICAGO,UNITED STATES,NORTH AMERICA,532,13:30,106,3,7
ORD,O'HARE INTERNATIONAL AIRPORT,CHICAGO,UNITED STATES,NORTH AMERICA,5148,20:45,97,1,6
ORD,O'HARE INTERNATIONAL AIRPORT,CHICAGO,UNITED STATES,NORTH AMERICA,7556,15:05,57,5,7
ORD,O'HARE INTERNATIONAL AIRPORT,CHICAGO,UNITED STATES,NORTH AMERICA,5342,13:10,134,1,7
ORD,O'HARE INTERNATIONAL AIRPORT,CHICAGO,UNITED STATES,NORTH AMERICA,503,20:40,230,3,7
ORD,O'HARE INTERNATIONAL AIRPORT,CHICAGO,UNITED STATES,NORTH AMERICA,1320,18:35,136,3,7
ORD,O'HARE INTERNATIONAL AIRPORT,CHICAGO,UNITED STATES,NORTH AMERICA,365,12:00,266,1,7
ORD,O'HARE INTERNATIONAL AIRPORT,CHICAGO,UNITED STATES,NORTH AMERICA,1515,15:10,230,3,7
ORD,O'HARE INTERNATIONAL AIRPORT,CHICAGO,UNITED STATES,NORTH AMERICA,7835,9:15,90,2,7
ORD,O'HARE INTERNATIONAL AIRPORT,CHICAGO,UNITED STATES,NORTH AMERICA,8835,18:45,114,1,6
ORD,O'HARE INTERNATIONAL AIRPORT,CHICAGO,UNITED STATES,NORTH AMERICA,5894,14:28,67,1,1
ORD,O'HARE INTERNATIONAL AIRPORT,CHICAGO,UNITED STATES,NORTH AMERICA,1726,6:10,86,2,5
ORD,O'HARE INTERNATIONAL AIRPORT,CHICAGO,UNITED STATES,NORTH AMERICA,1802,8:50,106,1,7
ORD,O'HARE INTERNATIONAL AIRPORT,CHICAGO,UNITED STATES,NORTH AMERICA,5073,09:00,86,1,7
ORD,O'HARE INTERNATIONAL AIRPORT,CHICAGO,UNITED STATES,NORTH AMERICA,1054,13:14,128,1,1
ORD,O'HARE INTERNATIONAL AIRPORT,CHICAGO,UNITED STATES,NORTH AMERICA,7438,11:00,117,1,5
ORD,O'HARE INTERNATIONAL AIRPORT,CHICAGO,UNITED STATES,NORTH AMERICA,5131,12:10,115,3,7
ORD,O'HARE INTERNATIONAL AIRPORT,CHICAGO,UNITED STATES,NORTH AMERICA,3381,12:00,277,2,1
ORD,O'HARE INTERNATIONAL AIRPORT,CHICAGO,UNITED STATES,NORTH AMERICA,7456,13:14,81,1,7
ORD,O'HARE INTERNATIONAL AIRPORT,CHICAGO,UNITED STATES,NORTH AMERICA,7032,16:30,149,3,7
ORD,O'HARE INTERNATIONAL AIRPORT,CHICAGO,UNITED STATES,NORTH AMERICA,7167,19:05,282,3,7
ORD,O'HARE INTERNATIONAL AIRPORT,CHICAGO,UNITED STATES,NORTH AMERICA,3266,20:50,124,1,1
ORD,O'HARE INTERNATIONAL AIRPORT,CHICAGO,UNITED STATES,NORTH AMERICA,7119,14:10,153,2,1
ORD,O'HARE INTERNATIONAL AIRPORT,CHICAGO,UNITED STATES,NORTH AMERICA,5045,13:00,261,1,4
ORD,O'HARE INTERNATIONAL AIRPORT,CHICAGO,UNITED STATES,NORTH AMERICA,1113,22:10,265,3,1
ORD,O'HARE INTERNATIONAL AIRPORT,CHICAGO,UNITED STATES,NORTH AMERICA,699,8:10,218,1,7
ORD,O'HARE INTERNATIONAL AIRPORT,CHICAGO,UNITED STATES,NORTH AMERICA,5031,7:00,260,1,7
ORD,O'HARE INTERNATIONAL AIRPORT,CHICAGO,UNITED STATES,NORTH AMERICA,1833,13:35,264,3,1
ORD,O'HARE INTERNATIONAL AIRPORT,CHICAGO,UNITED STATES,NORTH AMERICA,8843,19:40,145,1,7
ORD,O'HARE INTERNATIONAL AIRPORT,CHICAGO,UNITED STATES,NORTH AMERICA,1299,18:00,96,2,7
ORD,O'HARE INTERNATIONAL AIRPORT,CHICAGO,UNITED STATES,NORTH AMERICA,5414,11:35,54,3,7
ORD,O'HARE INTERNATIONAL AIRPORT,CHICAGO,UNITED STATES,NORTH AMERICA,729,08:45,92,1,7
ORD,O'HARE INTERNATIONAL AIRPORT,CHICAGO,UNITED STATES,NORTH AMERICA,7558,14:50,72,5,6
ORD,O'HARE INTERNATIONAL AIRPORT,CHICAGO,UNITED STATES,NORTH AMERICA,1692,6:20,92,3,7
ORD,O'HARE INTERNATIONAL AIRPORT,CHICAGO,UNITED STATES,NORTH AMERICA,4205,11:50,103,3,7
ORD,O'HARE INTERNATIONAL AIRPORT,CHICAGO,UNITED STATES,NORTH AMERICA,1865,15:20,89,1,7
ORD,O'HARE INTERNATIONAL AIRPORT,CHICAGO,UNITED STATES,NORTH AMERICA,4259,15:05,101,3,7
ORD,O'HARE INTERNATIONAL AIRPORT,CHICAGO,UNITED STATES,NORTH AMERICA,5571,10:35,105,1,7
ORD,O'HARE INTERNATIONAL AIRPORT,CHICAGO,UNITED STATES,NORTH AMERICA,5810,08:15,45,1,7
ORD,O'HARE INTERNATIONAL AIRPORT,CHICAGO,UNITED STATES,NORTH AMERICA,1739,15:14,141,1,7
ORD,O'HARE INTERNATIONAL AIRPORT,CHICAGO,UNITED STATES,NORTH AMERICA,717,7:55,229,1,7
ORD,O'HARE INTERNATIONAL AIRPORT,CHICAGO,UNITED STATES,NORTH AMERICA,1866,08:30,277,3,1
ORD,O'HARE INTERNATIONAL AIRPORT,CHICAGO,UNITED STATES,NORTH AMERICA,7184,11:44,119,2,6
ORD,O'HARE INTERNATIONAL AIRPORT,CHICAGO,UNITED STATES,NORTH AMERICA,5379,10:05,156,1,7
